Name,Alignment,Intelligence,Strength,Speed,Durability,Power,Combat,Total
3-D Man,good,50.0,31.0,43.0,32.0,25.0,52.0,233.0
A-Bomb,good,38.0,100.0,17.0,80.0,17.0,64.0,316.0
Abe Sapien,good,88.0,14.0,35.0,42.0,35.0,85.0,299.0
Abin Sur,good,50.0,90.0,53.0,64.0,84.0,65.0,406.0
Abomination,bad,63.0,80.0,53.0,90.0,55.0,95.0,436.0
Abraxas,bad,88.0,100.0,83.0,99.0,100.0,56.0,526.0
Adam Monroe,good,63.0,10.0,12.0,100.0,71.0,64.0,320.0
Adam Strange,good,,,,,,,
Agent  13,good,,,,,,,
Agent Bob,good,10.0,8.0,13.0,5.0,5.0,20.0,61.0
Agent Zero,good,75.0,28.0,38.0,80.0,72.0,95.0,388.0
Air-Walker,bad,50.0,85.0,100.0,85.0,100.0,40.0,460.0
Alan Scott,good,63.0,80.0,23.0,90.0,98.0,32.0,386.0
Alex Woolsly,good,,,,,,,
Alfred Pennyworth,good,63.0,10.0,17.0,10.0,7.0,55.0,162.0
Allan Quatermain,good,,,,,,,
Amazo,bad,75.0,100.0,100.0,100.0,100.0,100.0,575.0
Ammo,bad,,,,,,,
Ando Masahashi,good,,,,,,,
Angel,good,63.0,13.0,46.0,64.0,17.0,42.0,245.0
Angel Salvadore,good,38.0,10.0,28.0,28.0,46.0,60.0,210.0
Angela,bad,,,,,,,
Animal Man,good,56.0,48.0,47.0,85.0,73.0,80.0,389.0
Annihilus,bad,75.0,80.0,47.0,56.0,59.0,64.0,381.0
Ant-Man,good,100.0,10.0,23.0,28.0,32.0,32.0,225.0
Ant-Man II,good,63.0,10.0,23.0,28.0,32.0,28.0,184.0
Anti-Monitor,bad,88.0,90.0,38.0,90.0,100.0,90.0,496.0
Anti-Spawn,bad,,,,,,,
Anti-Venom,,75.0,60.0,65.0,90.0,85.0,84.0,459.0
Apocalypse,bad,100.0,100.0,33.0,100.0,100.0,60.0,493.0
Aquababy,good,10.0,16.0,12.0,14.0,37.0,14.0,103.0
Aqualad,good,63.0,44.0,42.0,75.0,76.0,60.0,360.0
Aquaman,good,63.0,80.0,50.0,80.0,65.0,80.0,418.0
Arachne,good,,,,,,,
Archangel,good,63.0,13.0,58.0,64.0,28.0,42.0,268.0
Arclight,bad,38.0,63.0,23.0,42.0,52.0,70.0,288.0
Ares,good,75.0,82.0,35.0,80.0,62.0,101.0,435.0
Ariel,good,50.0,10.0,12.0,14.0,72.0,28.0,186.0
Armor,good,50.0,63.0,12.0,80.0,55.0,54.0,314.0
Arsenal,good,,,,,,,
Astro Boy,good,,,,,,,
Atlas,good,50.0,80.0,23.0,99.0,69.0,42.0,363.0
Atom,good,,,,,,,
Atom Girl,good,38.0,10.0,23.0,28.0,38.0,42.0,179.0
Atom I,good,,,,,,,
Atom II,good,,,,,,,
Atom III,good,,,,,,,
Atom IV,good,,,,,,,
Aurora,good,50.0,15.0,83.0,56.0,69.0,56.0,329.0
Azazel,bad,50.0,11.0,47.0,95.0,87.0,80.0,370.0
Azrael,good,63.0,18.0,17.0,20.0,35.0,80.0,233.0
Aztar,good,,,,,,,
Bane,bad,88.0,53.0,23.0,56.0,51.0,95.0,366.0
Banshee,good,50.0,10.0,58.0,42.0,60.0,70.0,290.0
Bantam,good,25.0,53.0,23.0,54.0,21.0,56.0,232.0
Batgirl I,good,,,,,,,
Batgirl II,good,,,,,,,
Batgirl III,good,,,,,,,
Batgirl IV,good,69.0,12.0,27.0,56.0,42.0,100.0,306.0
Batgirl V,good,,,,,,,
Batgirl VI,good,75.0,10.0,23.0,28.0,22.0,80.0,238.0
Batman,good,100.0,18.0,27.0,42.0,37.0,100.0,324.0
Batman II,good,88.0,11.0,33.0,28.0,36.0,100.0,296.0
Battlestar,good,50.0,53.0,35.0,74.0,48.0,74.0,334.0
Beak,good,,,,,,,
Beast,good,88.0,48.0,35.0,56.0,35.0,84.0,346.0
Beast Boy,good,50.0,28.0,50.0,70.0,79.0,40.0,317.0
Beetle,bad,,,,,,,
Ben 10,good,10.0,7.0,8.0,10.0,90.0,40.0,165.0
Beta Ray Bill,good,63.0,80.0,35.0,95.0,100.0,84.0,457.0
Beyonder,good,88.0,100.0,23.0,100.0,100.0,56.0,467.0
Big Barda,good,63.0,90.0,23.0,85.0,42.0,72.0,375.0
Big Daddy,good,38.0,10.0,12.0,32.0,22.0,64.0,178.0
Big Man,bad,75.0,12.0,23.0,28.0,19.0,70.0,227.0
Bill Harken,good,63.0,36.0,33.0,60.0,23.0,40.0,255.0
Billy Kincaid,bad,,,,,,,
Binary,good,,,,,,,
Bird-Brain,good,25.0,10.0,35.0,28.0,21.0,42.0,161.0
Bird-Man,bad,,,,,,,
Bird-Man II,bad,,,,,,,
Birdman,good,,,,,,,
Bishop,good,63.0,14.0,23.0,75.0,85.0,65.0,325.0
Bizarro,neutral,75.0,95.0,100.0,100.0,95.0,85.0,550.0
Black Abbott,bad,,,,,,,
Black Adam,bad,88.0,100.0,92.0,100.0,89.0,56.0,525.0
Black Bolt,good,75.0,67.0,100.0,84.0,100.0,56.0,482.0
Black Canary I,good,,,,,,,
Black Canary II,good,,,,,,,
Black Cat,good,75.0,16.0,33.0,10.0,23.0,70.0,227.0
Black Goliath,good,,,,,,,
Black Knight III,good,63.0,10.0,8.0,70.0,43.0,70.0,264.0
Black Lightning,good,50.0,11.0,53.0,28.0,70.0,75.0,287.0
Black Mamba,bad,75.0,10.0,35.0,42.0,78.0,65.0,305.0
Black Panther,good,88.0,16.0,30.0,60.0,41.0,100.0,335.0
Black Widow,good,75.0,13.0,27.0,32.0,32.0,100.0,279.0
Black Widow II,good,,,,,,,
Blackout,bad,63.0,32.0,45.0,80.0,38.0,65.0,323.0
Blackwing,bad,38.0,10.0,35.0,32.0,20.0,56.0,191.0
Blackwulf,,50.0,28.0,8.0,30.0,59.0,25.0,200.0
Blade,good,63.0,28.0,38.0,50.0,33.0,90.0,302.0
Blaquesmith,good,,,,,,,
Bling!,good,69.0,14.0,12.0,90.0,52.0,28.0,265.0
Blink,good,50.0,8.0,20.0,28.0,55.0,64.0,225.0
Blizzard,bad,,,,,,,
Blizzard I,bad,,,,,,,
Blizzard II,bad,38.0,10.0,27.0,42.0,47.0,56.0,220.0
Blob,bad,10.0,83.0,23.0,95.0,26.0,72.0,309.0
Bloodaxe,bad,63.0,80.0,33.0,80.0,84.0,84.0,424.0
Bloodhawk,good,50.0,10.0,50.0,80.0,66.0,64.0,320.0
Bloodwraith,bad,,,,,,,
Blue Beetle,good,,,,,,,
Blue Beetle I,good,,,,,,,
Blue Beetle II,good,,,,,,,
Blue Beetle III,good,50.0,34.0,58.0,80.0,97.0,30.0,349.0
Bolt,good,,,,,,,
Bomb Queen,bad,,,,,,,
Boom Boom,good,38.0,10.0,12.0,42.0,56.0,64.0,222.0
Boomer,good,,,,,,,
Booster Gold,good,56.0,85.0,53.0,50.0,72.0,40.0,356.0
Box,good,,,,,,,
Box III,good,,,,,,,
Box IV,good,50.0,75.0,23.0,28.0,11.0,56.0,243.0
Brainiac,bad,100.0,28.0,63.0,90.0,60.0,75.0,416.0
Brainiac 5,good,100.0,10.0,23.0,28.0,60.0,32.0,253.0
Brother Voodoo,good,,,,,,,
Bullseye,bad,50.0,11.0,25.0,70.0,20.0,70.0,246.0
Bumblebee,good,63.0,28.0,25.0,10.0,45.0,35.0,206.0
Bumbleboy,good,,,,,,,
Bushido,good,38.0,10.0,8.0,10.0,19.0,70.0,155.0
Cable,good,88.0,48.0,23.0,56.0,100.0,80.0,395.0
Callisto,bad,63.0,53.0,23.0,42.0,45.0,85.0,311.0
Cameron Hicks,good,50.0,10.0,23.0,28.0,51.0,70.0,232.0
Cannonball,good,50.0,28.0,67.0,99.0,79.0,56.0,379.0
Captain America,good,63.0,19.0,35.0,56.0,46.0,100.0,319.0
Captain Atom,good,,,,,,,
Captain Britain,good,75.0,77.0,50.0,60.0,31.0,80.0,373.0
Captain Epic,good,,,,,,,
Captain Mar-vell,good,,,,,,,
Captain Marvel,good,100.0,100.0,67.0,95.0,62.0,56.0,480.0
Captain Marvel II,good,75.0,81.0,27.0,90.0,34.0,56.0,363.0
Captain Planet,good,,,,,,,
Captain Universe,good,,,,,,,
Carnage,bad,63.0,63.0,70.0,84.0,81.0,90.0,451.0
Cat,good,,,,,,,
Cat II,good,,,,,,,
Catwoman,good,63.0,13.0,33.0,28.0,24.0,85.0,246.0
Cecilia Reyes,good,,,,,,,
Century,good,88.0,80.0,53.0,64.0,74.0,100.0,459.0
Cerebra,good,,,,,,,
Chamber,good,50.0,10.0,20.0,80.0,57.0,64.0,281.0
Chameleon,bad,88.0,10.0,12.0,28.0,28.0,28.0,194.0
Changeling,bad,63.0,10.0,23.0,42.0,64.0,64.0,266.0
Cheetah I,bad,,,,,,,
Cheetah II,bad,,,,,,,
Cheetah III,bad,,,,,,,
Chromos,bad,,,,,,,
Chuck Norris,good,50.0,80.0,47.0,56.0,42.0,99.0,374.0
Claire Bennet,good,38.0,9.0,12.0,100.0,73.0,28.0,260.0
Clea,good,,,,,,,
Cloak,good,63.0,10.0,47.0,64.0,74.0,56.0,314.0
Cogliostro,bad,,,,,,,
Colin Wagner,good,,,,,,,
Colossal Boy,good,,,,,,,
Colossus,good,63.0,83.0,33.0,100.0,46.0,80.0,405.0
Corsair,good,,,,,,,
Crimson Crusader,good,,,,,,,
Crimson Dynamo I,good,,,,,,,
Crystal,good,63.0,16.0,12.0,14.0,57.0,56.0,218.0
Curse,bad,,,,,,,
Cy-Gor,bad,,,,,,,
Cyborg,good,75.0,53.0,42.0,85.0,72.0,64.0,391.0
Cyborg Superman,bad,75.0,93.0,92.0,100.0,100.0,80.0,540.0
Cyclops,good,75.0,10.0,23.0,42.0,76.0,80.0,306.0
Cypher,good,,,,,,,
Dagger,good,63.0,10.0,35.0,42.0,52.0,70.0,272.0
Danny Cooper,good,,,,,,,
Daphne Powell,good,38.0,10.0,8.0,10.0,56.0,10.0,132.0
Daredevil,good,75.0,13.0,27.0,28.0,57.0,95.0,295.0
Darkhawk,good,50.0,32.0,33.0,70.0,74.0,64.0,323.0
Darkman,good,75.0,14.0,23.0,85.0,12.0,28.0,237.0
Darkseid,bad,88.0,100.0,23.0,100.0,100.0,95.0,506.0
Darkside,bad,,,,,,,
Darkstar,good,38.0,8.0,35.0,42.0,52.0,64.0,239.0
Dash,good,9.0,4.0,83.0,42.0,12.0,28.0,178.0
Dazzler,good,63.0,10.0,35.0,42.0,64.0,56.0,270.0
Deadman,good,50.0,10.0,33.0,100.0,100.0,42.0,335.0
Deadpool,neutral,50.0,15.0,30.0,100.0,100.0,100.0,395.0
Deadshot,bad,50.0,10.0,23.0,28.0,47.0,80.0,238.0
Deathlok,good,69.0,32.0,30.0,70.0,40.0,60.0,301.0
Deathstroke,neutral,75.0,30.0,35.0,100.0,36.0,90.0,366.0
Demogoblin,bad,50.0,48.0,42.0,35.0,54.0,60.0,289.0
Destroyer,bad,50.0,95.0,58.0,98.0,90.0,70.0,461.0
DL Hawkins,good,50.0,12.0,12.0,56.0,48.0,56.0,234.0
Doc Samson,good,75.0,80.0,33.0,80.0,36.0,70.0,374.0
Doctor Doom,bad,100.0,32.0,20.0,100.0,93.0,84.0,429.0
Doctor Doom II,bad,,32.0,,,,,
Doctor Fate,good,81.0,16.0,25.0,80.0,100.0,50.0,352.0
Doctor Octopus,bad,,,,,,,
Doctor Strange,good,100.0,10.0,12.0,84.0,100.0,60.0,366.0
Domino,good,63.0,10.0,27.0,28.0,49.0,74.0,251.0
Donna Troy,good,,,,,,,
Doomsday,bad,88.0,80.0,67.0,120.0,100.0,90.0,545.0
Doppelganger,bad,8.0,63.0,60.0,95.0,62.0,84.0,372.0
Dormammu,bad,88.0,95.0,83.0,100.0,100.0,80.0,546.0
Dr Manhattan,good,88.0,32.0,42.0,95.0,100.0,42.0,399.0
Ego,bad,88.0,80.0,83.0,99.0,71.0,28.0,449.0
Elastigirl,good,38.0,32.0,12.0,90.0,20.0,14.0,206.0
Electro,bad,69.0,10.0,50.0,56.0,67.0,64.0,316.0
Elektra,good,63.0,11.0,30.0,28.0,59.0,100.0,291.0
Elle Bishop,bad,50.0,8.0,12.0,42.0,63.0,42.0,217.0
Elongated Man,good,38.0,10.0,27.0,90.0,41.0,42.0,248.0
Emma Frost,good,75.0,63.0,35.0,90.0,82.0,42.0,387.0
Energy,good,,,,,,,
ERG-1,good,,,,,,,
Evilhawk,bad,50.0,32.0,33.0,70.0,78.0,64.0,327.0
Exodus,bad,63.0,81.0,28.0,28.0,100.0,70.0,370.0
Fabian Cortez,bad,,,,,,,
Falcon,good,38.0,13.0,50.0,28.0,22.0,64.0,215.0
Fallen One II,bad,88.0,85.0,83.0,100.0,100.0,56.0,512.0
Faora,bad,88.0,95.0,75.0,100.0,87.0,90.0,535.0
Feral,good,38.0,28.0,45.0,28.0,20.0,70.0,229.0
Fighting Spirit,good,,,,,,,
Fin Fang Foom,good,50.0,81.0,23.0,100.0,68.0,70.0,392.0
Firebird,good,38.0,8.0,40.0,14.0,90.0,42.0,232.0
Firelord,good,38.0,63.0,75.0,90.0,48.0,28.0,342.0
Firestar,good,50.0,8.0,54.0,55.0,71.0,32.0,270.0
Firestorm,good,50.0,53.0,58.0,56.0,100.0,42.0,359.0
Fixer,bad,,,,,,,
Flash Gordon,good,,,,,,,
Flash I,good,63.0,10.0,100.0,50.0,57.0,32.0,312.0
Flash II,good,63.0,10.0,100.0,60.0,66.0,32.0,331.0
Flash III,good,63.0,10.0,100.0,60.0,83.0,32.0,348.0
Flash IV,good,63.0,10.0,100.0,32.0,59.0,48.0,312.0
Forge,good,63.0,10.0,12.0,28.0,12.0,48.0,173.0
Franklin Richards,good,,,,,,,
Franklin Storm,good,38.0,10.0,,,,10.0,
Frenzy,bad,63.0,53.0,35.0,100.0,38.0,52.0,341.0
Frigga,good,,,,,,,
Galactus,neutral,100.0,100.0,83.0,100.0,100.0,70.0,553.0
Gambit,good,63.0,10.0,23.0,28.0,55.0,84.0,263.0
Garbage Man,good,,,,,,,
Gary Bell,good,63.0,5.0,8.0,10.0,54.0,10.0,150.0
General Zod,bad,94.0,100.0,96.0,100.0,94.0,95.0,579.0
Genesis,good,,,,,,,
Ghost Rider,good,50.0,55.0,25.0,100.0,70.0,60.0,360.0
Ghost Rider II,good,,,,,,,
Giant-Man,good,,,,,,,
Giant-Man II,good,,,,,,,
Giganta,bad,81.0,89.0,23.0,85.0,32.0,42.0,352.0
Goblin Queen,bad,75.0,10.0,23.0,28.0,65.0,56.0,257.0
Gog,bad,50.0,34.0,47.0,72.0,39.0,56.0,298.0
Goku,good,56.0,100.0,75.0,90.0,100.0,100.0,521.0
Goliath,good,,,,,,,
Goliath II,good,,,,,,,
Goliath III,bad,,,,,,,
Goliath IV,good,,,,,,,
Granny Goodness,bad,,,,,,,
Gravity,good,50.0,32.0,33.0,40.0,72.0,30.0,257.0
Green Arrow,good,75.0,12.0,35.0,28.0,26.0,90.0,266.0
Green Goblin,bad,75.0,48.0,35.0,48.0,38.0,28.0,272.0
Green Goblin II,bad,75.0,55.0,37.0,50.0,38.0,26.0,281.0
Green Goblin III,good,,,,,,,
Green Goblin IV,good,,,,,,,
Groot,good,75.0,85.0,33.0,70.0,92.0,64.0,419.0
Guardian,good,,,,,,,
Guy Gardner,good,38.0,80.0,27.0,64.0,97.0,64.0,370.0
Hal Jordan,good,63.0,90.0,53.0,64.0,100.0,56.0,426.0
Hancock,good,50.0,85.0,65.0,100.0,70.0,28.0,398.0
Harley Quinn,bad,81.0,12.0,23.0,42.0,30.0,80.0,268.0
Havok,good,63.0,10.0,25.0,60.0,71.0,45.0,274.0
Hawk,good,38.0,38.0,35.0,95.0,36.0,42.0,284.0
Hawkeye,good,50.0,12.0,23.0,14.0,26.0,80.0,205.0
Hawkeye II,good,50.0,6.0,8.0,10.0,24.0,50.0,148.0
Hawkgirl,good,50.0,28.0,53.0,99.0,74.0,72.0,376.0
Hawkman,good,,,,,,,
Hawkwoman I,good,,,,,,,
Hawkwoman II,good,,,,,,,
Hawkwoman III,good,,,,,,,
Hellboy,good,63.0,53.0,23.0,85.0,30.0,75.0,329.0
Hellcat,good,50.0,10.0,23.0,42.0,18.0,70.0,213.0
Hellstorm,good,,,,,,,
Hercules,good,63.0,100.0,46.0,85.0,67.0,100.0,461.0
Hiro Nakamura,good,,,,,,,
Hit-Girl,good,10.0,8.0,23.0,14.0,21.0,56.0,132.0
Hobgoblin,bad,,,,,,,
Hollow,good,,,,,,,
Hope Summers,good,63.0,10.0,12.0,32.0,89.0,75.0,281.0
Howard the Duck,good,,,,,,,
Hulk,good,88.0,100.0,47.0,100.0,41.0,85.0,461.0
Human Torch,good,56.0,10.0,63.0,70.0,74.0,42.0,315.0
Huntress,good,69.0,10.0,23.0,28.0,34.0,95.0,259.0
Husk,good,63.0,63.0,35.0,78.0,53.0,64.0,356.0
Hydro-Man,bad,38.0,13.0,25.0,80.0,66.0,50.0,272.0
Hyperion,good,63.0,95.0,75.0,95.0,58.0,72.0,458.0
Iceman,good,63.0,32.0,53.0,100.0,100.0,64.0,412.0
Impulse,good,50.0,10.0,100.0,60.0,63.0,60.0,343.0
Ink,good,38.0,28.0,17.0,40.0,66.0,50.0,239.0
Invisible Woman,good,69.0,10.0,27.0,70.0,74.0,56.0,306.0
Iron Fist,good,75.0,23.0,35.0,42.0,43.0,100.0,318.0
Iron Man,good,100.0,85.0,58.0,85.0,100.0,64.0,492.0
Iron Monger,bad,88.0,63.0,25.0,90.0,57.0,56.0,379.0
Ironman,good,,,,,,,
Isis,good,75.0,48.0,75.0,46.0,43.0,56.0,343.0
Jack Bauer,good,,,,,,,
Jack of Hearts,good,63.0,55.0,100.0,30.0,70.0,30.0,348.0
Jack-jack,good,6.0,34.0,67.0,80.0,69.0,6.0,262.0
Jean Grey,good,100.0,80.0,67.0,100.0,100.0,70.0,517.0
Jennifer Kale,good,75.0,10.0,35.0,42.0,61.0,72.0,295.0
Jessica Sanders,good,,,,,,,
Jigsaw,bad,,,,,,,
Jim Powell,good,38.0,38.0,23.0,80.0,23.0,20.0,222.0
JJ Powell,good,88.0,10.0,8.0,10.0,14.0,10.0,140.0
Johann Krauss,good,,,,,,,
John Stewart,good,50.0,80.0,27.0,64.0,94.0,54.0,369.0
John Wraith,good,75.0,12.0,35.0,28.0,65.0,80.0,295.0
Joker,bad,100.0,10.0,12.0,56.0,22.0,90.0,290.0
Jolt,good,63.0,12.0,27.0,32.0,31.0,42.0,207.0
Jubilee,good,56.0,8.0,22.0,20.0,66.0,90.0,262.0
Juggernaut,neutral,44.0,100.0,42.0,100.0,74.0,70.0,430.0
Junkpile,bad,50.0,38.0,17.0,90.0,71.0,30.0,296.0
Justice,good,50.0,10.0,33.0,70.0,55.0,30.0,248.0
Kang,bad,100.0,48.0,58.0,70.0,71.0,70.0,417.0
Kevin 11,bad,25.0,7.0,12.0,14.0,100.0,40.0,198.0
Kick-Ass,good,10.0,10.0,23.0,14.0,21.0,56.0,134.0
Kid Flash,good,25.0,4.0,92.0,42.0,13.0,30.0,206.0
Kid Flash II,good,,,,,,,
Killer Croc,bad,25.0,48.0,33.0,85.0,36.0,60.0,287.0
Kilowog,good,81.0,90.0,53.0,42.0,100.0,80.0,446.0
Kingpin,bad,75.0,18.0,25.0,40.0,13.0,70.0,241.0
Klaw,bad,63.0,38.0,33.0,100.0,62.0,60.0,356.0
Kool-Aid Man,good,25.0,10.0,12.0,14.0,10.0,14.0,85.0
Kraven II,bad,50.0,34.0,23.0,28.0,36.0,85.0,256.0
Kraven the Hunter,bad,63.0,32.0,35.0,42.0,26.0,85.0,283.0
Krypto,good,9.0,80.0,100.0,90.0,72.0,40.0,391.0
Lady Bullseye,bad,,,,,,,
Lady Deathstrike,bad,,,,,,,
Leader,bad,100.0,10.0,12.0,14.0,58.0,42.0,236.0
Leech,good,25.0,5.0,12.0,14.0,62.0,14.0,132.0
Lex Luthor,bad,100.0,10.0,12.0,14.0,10.0,28.0,174.0
Light Lass,good,38.0,10.0,35.0,28.0,65.0,42.0,218.0
Lightning Lad,good,38.0,10.0,23.0,28.0,60.0,42.0,201.0
Lightning Lord,bad,44.0,10.0,23.0,42.0,66.0,42.0,227.0
Living Brain,bad,75.0,53.0,35.0,56.0,31.0,28.0,278.0
Liz Sherman,good,,,,,,,
Lizard,bad,38.0,51.0,27.0,70.0,40.0,56.0,282.0
Lobo,bad,88.0,83.0,35.0,100.0,95.0,85.0,486.0
Loki,bad,88.0,57.0,47.0,85.0,85.0,56.0,418.0
Longshot,good,50.0,10.0,27.0,10.0,71.0,70.0,238.0
Luke Cage,good,44.0,55.0,23.0,95.0,35.0,64.0,316.0
Luke Campbell,bad,,,,,,,
Luna,good,38.0,6.0,83.0,14.0,53.0,14.0,208.0
Lyja,good,,,,,,,
Mach-IV,bad,75.0,36.0,60.0,84.0,60.0,56.0,371.0
Machine Man,good,63.0,32.0,35.0,84.0,51.0,64.0,329.0
Magneto,bad,88.0,80.0,27.0,84.0,91.0,80.0,450.0
Magog,good,50.0,48.0,23.0,64.0,66.0,72.0,323.0
Magus,bad,88.0,100.0,70.0,99.0,100.0,74.0,531.0
Man-Bat,neutral,38.0,18.0,50.0,70.0,33.0,30.0,239.0
Man-Thing,good,50.0,32.0,8.0,100.0,98.0,40.0,328.0
Man-Wolf,good,63.0,44.0,35.0,42.0,38.0,70.0,292.0
Mandarin,bad,100.0,28.0,23.0,28.0,99.0,95.0,373.0
Martian Manhunter,good,100.0,100.0,96.0,100.0,100.0,85.0,581.0
Marvel Girl,good,63.0,85.0,47.0,42.0,100.0,80.0,417.0
Master Brood,good,,,,,,,
Master Chief,good,75.0,73.0,35.0,80.0,62.0,100.0,425.0
Match,bad,75.0,95.0,83.0,85.0,90.0,70.0,498.0
Matt Parkman,good,63.0,10.0,12.0,14.0,59.0,56.0,214.0
Maverick,good,63.0,10.0,12.0,42.0,60.0,85.0,272.0
Maxima,bad,75.0,90.0,35.0,56.0,67.0,75.0,398.0
Maya Herrera,good,50.0,10.0,12.0,14.0,60.0,14.0,160.0
Medusa,good,75.0,34.0,35.0,70.0,35.0,56.0,305.0
Meltdown,good,38.0,10.0,12.0,42.0,58.0,64.0,224.0
Mephisto,bad,88.0,85.0,35.0,95.0,100.0,42.0,445.0
Mera,good,56.0,62.0,54.0,70.0,55.0,70.0,367.0
Metallo,bad,75.0,53.0,23.0,95.0,74.0,64.0,384.0
Metamorpho,good,,,,,,,
Meteorite,good,,,,,,,
Metron,good,88.0,10.0,47.0,56.0,69.0,28.0,298.0
Micah Sanders,good,63.0,8.0,12.0,14.0,57.0,14.0,168.0
Micro Lad,good,38.0,28.0,27.0,28.0,44.0,32.0,197.0
Mimic,good,63.0,67.0,47.0,56.0,79.0,42.0,354.0
Minna Murray,good,,,,,,,
Misfit,good,63.0,32.0,23.0,80.0,62.0,42.0,302.0
Miss Martian,good,63.0,85.0,58.0,100.0,100.0,45.0,451.0
Mister Fantastic,good,100.0,10.0,18.0,70.0,32.0,64.0,294.0
Mister Freeze,bad,75.0,32.0,12.0,70.0,37.0,28.0,254.0
Mister Mxyzptlk,bad,113.0,10.0,12.0,14.0,100.0,28.0,277.0
Mister Sinister,bad,,,,,,,
Mogo,good,,,,,,,
Mohinder Suresh,good,,,,,,,
Moloch,bad,,,,,,,
Molten Man,bad,50.0,73.0,23.0,84.0,53.0,56.0,339.0
Monarch,good,,,,,,,
Monica Dawson,good,50.0,10.0,35.0,14.0,48.0,90.0,247.0
Moon Knight,good,50.0,36.0,23.0,42.0,28.0,75.0,254.0
Moonstone,good,56.0,67.0,47.0,52.0,79.0,80.0,381.0
Morlun,bad,63.0,60.0,35.0,42.0,59.0,56.0,315.0
Morph,good,,,,,,,
Moses Magnum,bad,75.0,28.0,12.0,42.0,55.0,56.0,268.0
Mr Incredible,good,38.0,73.0,35.0,95.0,25.0,42.0,308.0
Ms Marvel,good,63.0,80.0,47.0,52.0,70.0,80.0,392.0
Ms Marvel II,good,38.0,63.0,23.0,84.0,11.0,56.0,275.0
Multiple Man,good,63.0,11.0,23.0,70.0,28.0,62.0,257.0
Mysterio I,bad,75.0,10.0,23.0,42.0,50.0,56.0,256.0
Mystique,bad,75.0,12.0,23.0,64.0,58.0,74.0,306.0
Namor,good,,,,,,,
Namora,good,50.0,85.0,42.0,42.0,41.0,64.0,324.0
Namorita,good,50.0,72.0,47.0,70.0,30.0,70.0,339.0
Naruto Uzumaki,good,50.0,80.0,32.0,80.0,100.0,100.0,442.0
Nathan Petrelli,good,,,,,,,
Nick Fury,good,75.0,11.0,23.0,42.0,25.0,100.0,276.0
Nightcrawler,good,50.0,10.0,47.0,14.0,52.0,80.0,253.0
Nightwing,good,88.0,11.0,33.0,28.0,36.0,100.0,296.0
Niki Sanders,good,63.0,52.0,35.0,28.0,37.0,56.0,271.0
Nina Theroux,good,63.0,5.0,8.0,10.0,54.0,20.0,160.0
Nite Owl II,good,,,,,,,
Northstar,good,50.0,18.0,83.0,56.0,70.0,70.0,347.0
Nova,good,100.0,85.0,67.0,101.0,100.0,85.0,538.0
Nova,good,38.0,60.0,100.0,100.0,100.0,25.0,423.0
Offspring,good,50.0,10.0,35.0,99.0,100.0,56.0,350.0
Omega Red,bad,,,,,,,
Omniscient,good,,,,,,,
Onslaught,bad,88.0,85.0,47.0,100.0,100.0,85.0,505.0
Oracle (DC),good,75.0,11.0,23.0,28.0,19.0,76.0,232.0
Osiris,good,75.0,85.0,60.0,95.0,65.0,42.0,422.0
Overtkill,bad,,,,,,,
Penance,good,,,,,,,
Penance I,good,,,,,,,
Penance II,good,,,,,,,
Penguin,bad,75.0,10.0,12.0,28.0,30.0,45.0,200.0
Peter Petrelli,good,63.0,28.0,23.0,28.0,69.0,56.0,267.0
Phantom,good,,,,,,,
Phantom Girl,good,38.0,10.0,23.0,28.0,53.0,42.0,194.0
Phoenix,good,100.0,80.0,67.0,100.0,100.0,70.0,517.0
Plastic Lad,good,,,,,,,
Plastic Man,good,50.0,63.0,23.0,100.0,100.0,56.0,392.0
Plastique,bad,50.0,10.0,23.0,28.0,60.0,42.0,213.0
Poison Ivy,bad,69.0,14.0,23.0,14.0,71.0,36.0,227.0
Power Girl,good,88.0,98.0,67.0,95.0,67.0,75.0,490.0
Power Man,good,,,,,,,
Professor X,good,100.0,8.0,12.0,14.0,90.0,32.0,256.0
Proto-Goblin,bad,63.0,38.0,23.0,48.0,22.0,28.0,222.0
Psylocke,good,,,,,,,
Punisher,good,50.0,16.0,23.0,28.0,22.0,100.0,239.0
Pyro,bad,38.0,10.0,12.0,14.0,50.0,28.0,152.0
Quantum,good,,,,,,,
Question,good,81.0,14.0,27.0,35.0,20.0,80.0,257.0
Quicksilver,good,63.0,28.0,100.0,60.0,57.0,56.0,364.0
Quill,good,38.0,10.0,12.0,14.0,23.0,14.0,111.0
Ra's Al Ghul,bad,100.0,28.0,32.0,42.0,27.0,100.0,329.0
Rachel Pirzad,good,63.0,4.0,8.0,10.0,52.0,10.0,147.0
Raven,neutral,50.0,10.0,29.0,70.0,62.0,40.0,261.0
Razor-Fist II,bad,,,,,,,
Red Arrow,good,63.0,16.0,25.0,20.0,24.0,80.0,228.0
Red Hood,neutral,75.0,12.0,23.0,28.0,24.0,95.0,257.0
Red Hulk,good,50.0,88.0,47.0,95.0,59.0,75.0,414.0
Red Mist,bad,25.0,10.0,23.0,14.0,20.0,56.0,148.0
Red Robin,good,81.0,11.0,27.0,32.0,29.0,80.0,260.0
Red Skull,bad,75.0,10.0,12.0,14.0,19.0,80.0,210.0
Red Tornado,good,75.0,38.0,67.0,60.0,92.0,40.0,372.0
Redeemer II,bad,,,,,,,
Redeemer III,bad,,,,,,,
Renata Soliz,good,,,,,,,
Rhino,bad,25.0,80.0,43.0,90.0,37.0,85.0,360.0
Rick Flag,bad,88.0,11.0,23.0,28.0,19.0,95.0,264.0
Riddler,bad,100.0,10.0,12.0,14.0,10.0,14.0,160.0
Ripcord,good,,,,,,,
Robin I,good,88.0,11.0,27.0,28.0,32.0,85.0,271.0
Robin II,good,,,,,,,
Robin III,good,81.0,11.0,27.0,28.0,30.0,85.0,262.0
Robin V,good,69.0,8.0,33.0,16.0,29.0,65.0,220.0
Rocket Raccoon,good,50.0,5.0,23.0,28.0,28.0,64.0,198.0
Rogue,good,75.0,10.0,12.0,28.0,80.0,80.0,285.0
Ronin,good,38.0,10.0,27.0,32.0,21.0,90.0,218.0
Rorschach,good,75.0,10.0,29.0,20.0,23.0,80.0,237.0
Sabretooth,bad,55.0,53.0,25.0,90.0,28.0,100.0,351.0
Sage,good,75.0,10.0,12.0,14.0,28.0,56.0,195.0
Sandman,neutral,50.0,75.0,47.0,97.0,62.0,56.0,387.0
Sasquatch,good,75.0,80.0,23.0,56.0,15.0,42.0,291.0
Savage Dragon,good,63.0,70.0,54.0,85.0,49.0,72.0,393.0
Scarecrow,bad,81.0,10.0,12.0,14.0,48.0,50.0,215.0
Scarlet Spider,good,75.0,53.0,60.0,74.0,39.0,56.0,357.0
Scarlet Spider II,good,88.0,55.0,60.0,40.0,30.0,56.0,329.0
Scarlet Witch,bad,88.0,10.0,23.0,42.0,67.0,28.0,258.0
Scorpia,bad,38.0,28.0,42.0,28.0,34.0,28.0,198.0
Scorpion,bad,50.0,52.0,60.0,85.0,49.0,80.0,376.0
Sentry,good,75.0,80.0,58.0,84.0,97.0,54.0,448.0
Shadow King,good,75.0,12.0,27.0,100.0,100.0,75.0,389.0
Shadowcat,good,88.0,8.0,21.0,25.0,69.0,70.0,281.0
Shang-Chi,good,63.0,12.0,30.0,50.0,25.0,100.0,280.0
Shatterstar,good,63.0,48.0,45.0,64.0,42.0,84.0,346.0
She-Hulk,good,69.0,100.0,42.0,100.0,33.0,70.0,414.0
She-Thing,good,,,,,,,
Shocker,bad,63.0,10.0,23.0,70.0,63.0,56.0,285.0
Shriek,good,50.0,10.0,23.0,28.0,45.0,42.0,198.0
Shrinking Violet,good,,,,,,,
Sif,good,50.0,57.0,25.0,52.0,19.0,70.0,273.0
Silk Spectre I,good,,,,,,,
Silk Spectre II,good,,,,,,,
Silver Surfer,good,63.0,100.0,84.0,101.0,100.0,32.0,480.0
Silverclaw,good,50.0,28.0,35.0,42.0,34.0,42.0,231.0
Sinestro,bad,75.0,80.0,53.0,64.0,100.0,56.0,428.0
Siren,bad,38.0,10.0,12.0,14.0,55.0,28.0,157.0
Siren II,bad,,,,,,,
Siryn,bad,38.0,8.0,47.0,28.0,50.0,42.0,213.0
Skaar,good,50.0,85.0,27.0,90.0,62.0,85.0,399.0
Snowbird,good,50.0,32.0,27.0,42.0,63.0,52.0,266.0
Sobek,good,50.0,34.0,23.0,46.0,20.0,56.0,229.0
Solomon Grundy,bad,9.0,93.0,13.0,100.0,78.0,30.0,323.0
Songbird,good,75.0,36.0,27.0,42.0,55.0,56.0,291.0
Space Ghost,good,38.0,18.0,33.0,40.0,90.0,80.0,299.0
Spawn,good,75.0,60.0,50.0,90.0,100.0,95.0,470.0
Spectre,good,,,,,,,
Speedball,good,,,,,,,
Speedy,good,,,,,,,
Spider-Carnage,bad,,,,,,,
Spider-Girl,good,63.0,38.0,60.0,65.0,46.0,75.0,347.0
Spider-Man,good,88.0,55.0,60.0,74.0,58.0,85.0,420.0
Spider-Woman,good,50.0,42.0,42.0,32.0,62.0,52.0,280.0
Spider-Woman II,good,,,,,,,
Spider-Woman III,good,50.0,48.0,27.0,42.0,60.0,28.0,255.0
Spider-Woman IV,bad,,,,,,,
Spiderman,good,,,,,,,
Spyke,good,50.0,12.0,17.0,60.0,41.0,30.0,210.0
Stacy X,good,,,,,,,
Stardust,good,88.0,85.0,100.0,110.0,100.0,85.0,568.0
Starfire,good,50.0,80.0,33.0,85.0,59.0,70.0,377.0
Stargirl,good,50.0,40.0,27.0,90.0,71.0,56.0,334.0
Steel,good,81.0,82.0,53.0,90.0,64.0,64.0,434.0
Stephanie Powell,good,69.0,10.0,54.0,10.0,17.0,10.0,170.0
Storm,good,75.0,10.0,47.0,30.0,88.0,75.0,325.0
Sub-Mariner,good,63.0,80.0,47.0,56.0,37.0,84.0,367.0
Sunspot,good,63.0,63.0,35.0,25.0,79.0,70.0,335.0
Super Moos,good,8.0,,,10.0,65.0,40.0,
Superboy,good,75.0,95.0,83.0,90.0,84.0,60.0,487.0
Superboy-Prime,bad,94.0,100.0,100.0,100.0,100.0,85.0,579.0
Supergirl,good,94.0,98.0,92.0,100.0,85.0,75.0,544.0
Superman,good,100.0,100.0,100.0,100.0,94.0,85.0,579.0
Swamp Thing,bad,88.0,80.0,23.0,100.0,66.0,56.0,413.0
Sylar,bad,75.0,10.0,12.0,28.0,91.0,56.0,272.0
Synch,good,75.0,67.0,23.0,28.0,74.0,56.0,323.0
Tempest,good,38.0,10.0,45.0,28.0,62.0,60.0,243.0
Thanos,bad,88.0,100.0,17.0,100.0,100.0,80.0,485.0
The Cape,good,38.0,10.0,23.0,32.0,22.0,64.0,189.0
The Comedian,neutral,63.0,14.0,17.0,10.0,12.0,80.0,196.0
Thing,good,75.0,84.0,21.0,90.0,26.0,80.0,376.0
Thor,good,69.0,100.0,92.0,100.0,100.0,85.0,546.0
Thor Girl,good,75.0,83.0,70.0,84.0,100.0,70.0,482.0
Thunderbird,good,50.0,32.0,27.0,32.0,14.0,70.0,225.0
Thunderbird II,good,,,,,,,
Thunderbird III,good,,,,,,,
Thunderstrike,good,63.0,80.0,70.0,84.0,31.0,72.0,400.0
Thundra,good,38.0,81.0,32.0,64.0,26.0,54.0,295.0
Tiger Shark,bad,38.0,72.0,42.0,70.0,21.0,28.0,271.0
Tigra,good,63.0,32.0,53.0,38.0,33.0,90.0,309.0
Tinkerer,bad,100.0,10.0,23.0,14.0,10.0,14.0,171.0
Titan,good,,,,,,,
Toad,neutral,50.0,34.0,58.0,56.0,49.0,28.0,275.0
Toxin,good,56.0,73.0,70.0,84.0,75.0,70.0,428.0
Tracy Strauss,good,,,,,,,
Trickster,,,,,,,,
Triplicate Girl,good,63.0,10.0,23.0,42.0,44.0,42.0,224.0
Two-Face,bad,88.0,10.0,12.0,14.0,9.0,28.0,161.0
Ultragirl,good,50.0,80.0,35.0,70.0,35.0,80.0,350.0
Ultron,bad,88.0,83.0,42.0,100.0,100.0,64.0,477.0
Utgard-Loki,bad,50.0,80.0,23.0,84.0,72.0,64.0,373.0
Vagabond,good,,,,,,,
Valerie Hart,good,,,,,,,
Valkyrie,good,,,,,,,
Vanisher,bad,63.0,10.0,75.0,56.0,39.0,42.0,285.0
Venom,bad,75.0,57.0,65.0,84.0,79.0,84.0,444.0
Venom II,bad,50.0,57.0,47.0,70.0,54.0,56.0,334.0
Venom III,bad,63.0,73.0,35.0,90.0,66.0,56.0,383.0
Vertigo II,good,,,,,,,
Vindicator,good,,,,,,,
Vindicator II,good,63.0,63.0,53.0,64.0,56.0,70.0,369.0
Violator,bad,,,,,,,
Violet,good,10.0,4.0,12.0,28.0,65.0,14.0,133.0
Vision,good,100.0,72.0,54.0,95.0,76.0,70.0,467.0
Vision II,good,,,,,,,
Vulcan,good,,,,,,,
Vulture,bad,63.0,22.0,47.0,56.0,40.0,56.0,284.0
Walrus,bad,50.0,28.0,8.0,50.0,11.0,20.0,167.0
War Machine,good,63.0,80.0,63.0,100.0,100.0,85.0,491.0
Warbird,good,,,,,,,
Warlock,good,88.0,36.0,79.0,95.0,71.0,95.0,464.0
Warp,bad,38.0,10.0,23.0,28.0,63.0,50.0,212.0
Warpath,good,38.0,72.0,47.0,70.0,26.0,84.0,337.0
Wasp,good,63.0,8.0,58.0,52.0,23.0,42.0,246.0
Watcher,good,100.0,80.0,67.0,89.0,100.0,56.0,492.0
Weapon XI,bad,,,,,,,
White Queen,good,,,,,,,
Wildfire,good,50.0,32.0,23.0,100.0,77.0,42.0,324.0
Willis Stryker,bad,38.0,16.0,23.0,28.0,41.0,60.0,206.0
Winter Soldier,good,56.0,32.0,35.0,65.0,60.0,84.0,332.0
Wiz Kid,good,,,,,,,
Wolfsbane,good,38.0,16.0,35.0,42.0,26.0,42.0,199.0
Wolverine,good,55.0,32.0,38.0,100.0,44.0,100.0,369.0
Wonder Girl,good,75.0,90.0,25.0,80.0,39.0,60.0,369.0
Wonder Man,good,75.0,100.0,53.0,90.0,64.0,64.0,446.0
Wonder Woman,good,88.0,100.0,50.0,100.0,42.0,100.0,480.0
Wondra,good,,,,,,,
Wyatt Wingfoot,good,10.0,10.0,12.0,,,56.0,
X-23,good,75.0,24.0,35.0,90.0,27.0,85.0,336.0
X-Man,good,88.0,53.0,53.0,95.0,92.0,84.0,465.0
Yellow Claw,bad,,,,,,,
Yellowjacket,good,88.0,10.0,12.0,28.0,12.0,14.0,164.0
Yellowjacket II,good,50.0,10.0,35.0,28.0,31.0,28.0,182.0
Ymir,good,50.0,100.0,27.0,100.0,83.0,28.0,388.0
Zatanna,good,75.0,10.0,23.0,28.0,100.0,56.0,292.0
Zoom,bad,50.0,10.0,100.0,28.0,72.0,28.0,288.0
